,link,text,user,likes,quotes,retweets,comments
0,https://twitter.com/elonmusk/status/1775792293389218212#m,"Did you know that it costs as little as 3 cents per ad click on this platform?  Make sure your ad is interesting and clear, just like a viral post would be and the results will amaze you.",Elon Musk,74950,597,9146,8403
1,https://twitter.com/elonmusk/status/1775941024000377206#m,Daily Show üôå,Elon Musk,43902,272,7282,3925
2,https://twitter.com/elonmusk/status/1775928212805103945#m,This is crazy!,Elon Musk,115770,1321,30016,9685
3,https://twitter.com/elonmusk/status/1775924494361850119#m,Yes,Elon Musk,15661,147,2073,3218
4,https://twitter.com/SawyerMerritt/status/1775916850636853588#m,"NEWS: EV sales hit record high in Australia in March, as Tesla Model Y overtakes Toyota Hilux. https://thedriven.io/2024/04/04/ev-sales-hit-record-high-of-10464-in-march-as-tesla-crashes-into-australias-top-6-brands/",Sawyer Merritt,4980,36,667,481
5,https://twitter.com/elonmusk/status/1775902132958298251#m,This momentum will increase dramatically as we integrate AI-generated news trends & search into ùïè,Elon Musk,32163,271,5676,4027
6,https://twitter.com/elonmusk/status/1775900800520262071#m,System purge of bots & trolls underway.   Please reply to me or @XEng if legitimate accounts are suspended.   X Corp will be tracing the people responsible and bringing the full force of the law to bear upon them.,Elon Musk,159948,6602,27436,29307
7,https://twitter.com/XEng/status/1775623364008128542#m,"X is redefining video, one pixel at a time.  We‚Äôve upgraded our infrastructure and are shipping new updates to improve video.  80% of users consume video on X every day. And almost 70% of all users who watch videos are also scrolling through conversations.",Engineering,7607,61,1113,1052
8,https://twitter.com/elonmusk/status/1775729136612647086#m,"I‚Äôm cool with adults doing whatever they want, so long as it doesn‚Äôt harm others, but kids need to be protected at all costs",Elon Musk,217654,1814,45177,11659
9,https://twitter.com/cb_doge/status/1775666039864295510#m,ùïè has just released the latest data and numbers:  ‚Ä¢ ~3 million calls were made on ùïè in the last month  ‚Ä¢ Over 2 million ùïè Spaces were created last month with over 2.4 million hrs of content  ‚Ä¢ 6.4 million Spaces created this year  ‚Ä¢ Members are spending 495% more time in ùïè Communities  ‚Ä¢ Users are spending 118% more time in their DMs  ‚Ä¢ 80% of users consume video on ùïè everyday,DogeDesigner,8095,92,1457,1057
10,https://twitter.com/elonmusk/status/1775676175618310147#m,Community Notes now active on India!,Elon Musk,63683,909,6082,4798
11,https://twitter.com/elonmusk/status/1775645554569310321#m,This will be the first commercial space walk!,Elon Musk,58146,271,8829,4681
12,https://twitter.com/cb_doge/status/1774880248368353365#m,"ùïè > Instagram, TikTok, Facebook",DogeDesigner,10132,115,1617,1217
13,https://twitter.com/JaneidyEve/status/1775379359492149627#m,"ùïÆùñîùñòùñíùñéùñà ùïÆùñçùñóùñîùñìùñéùñàùñëùñäùñò SpaceX Achieves Ambitious Goal: 12 Falcon 9 Missions in a Single Month  In pursuit of its ambitious objective to conduct 150 missions in 2024, SpaceX has reached a significant milestone by completing 12 Falcon 9 missions in a single month. SpaceX closed the month of March with this achievement, which underscores SpaceX‚Äôs commitment to pushing the boundaries of space exploration.  SpaceX has been on a trajectory of remarkable growth, surpassing its own records year after year. In 2020 it launched 26 missions, 31 in 2021, and doubled that with 61 missions in 2022. By 2023, the company delivered approximately 80% of all Earth payload mass to orbit with 96 missions completed, outpacing competitors like China and other global players.  The pace of SpaceX‚Äôs launches has been accelerating steadily, with the company averaging one launch every four days throughout 2023. This rapid cadence reflects SpaceX‚Äôs dedication to innovation & efficiency in space travel.  SpaceX has already completed 32 missions in 2024. The recent accomplishment in March, where SpaceX completed 12 Falcon 9 missions in a single month, demonstrates the company‚Äôs ability to meet & exceed its ambitious goals with a launch rate of one every 2.8 days. ‚ÄúFalcon 9 successfully launched our 11th and 12th missions of the month from Florida earlier today,‚Äù announced the company on March 31. The missions deployed Eutelsat 36D satellite into a geosynchronous transfer orbit from NASA Kennedy Space Center‚Äôs Launch Pad-39A. And approximately ‚Äú3.5 hours later, Falcon 9 launched 23 Starlink satellites to low-Earth orbit from pad 40, completing our 260th reflight of an orbital class rocket on the seven-year anniversary of first achieving this feat,‚Äù shared the company.  Key to SpaceX‚Äôs success is the reusability of its workhorse Falcon 9 rocket, which enables the company to significantly increase its launch pace while reducing costs. SpaceX has reused multiple boosters in its Falcon 9 fleet 19 times, & engineers are working to qualify Falcon 9 for up to 40 reflights each.  As of now, SpaceX has performed a total of 327 missions, landed orbital-class rockets 291 times, and reused previously-flown Falcon 9 boosters in its fleet 261 times. With each milestone achieved, SpaceX reaffirms its position at the forefront of space exploration, inspiring admiration for its groundbreaking achievements. As the company continues to push boundaries and reach new heights, the future of space exploration looks brighter than ever before.  ‚îÄ‚îÄ‚îÄ ÔΩ• ÔΩ°Ôæü‚òÜ: *.‚òΩ .* :‚òÜÔæü. ‚îÄ‚îÄ‚îÄ  Author @JaneidyEve  Read more at Cosmic Chronicles: https://cosmicchroniclesnews.com/2024/04/02/spacex-achieves-ambitious-goal-12-falcon-9-missions-in-a-single-month/   Thanks for reading!  Consider Subscribing if you enjoyed the story. ‚ô°",Evelyn Janeidy Arevalo,6179,52,1052,602
14,https://twitter.com/elonmusk/status/1775538869015912509#m,,Elon Musk,159779,791,17713,9784
15,https://twitter.com/elonmusk/status/1775527884980932891#m,That is indeed what I‚Äôve said many times,Elon Musk,204198,1190,27530,12499
16,https://twitter.com/elonmusk/status/1775526635749417258#m,Traffic on ùïè reaches all-time high,Elon Musk,235765,4182,24378,21211
17,https://twitter.com/elonmusk/status/1775423706359111839#m,"While I don‚Äôt own any Disney shares today, I would definitely buy their shares if Nelson were elected to the board.   His track record is excellent.",Elon Musk,7927,106,1087,1139
18,https://twitter.com/elonmusk/status/1775423196679884950#m,"Nelson Peltz should definitely be on the Disney board!  He would help reform the company, improve the quality of product and generally serve in the best interests of shareholders, as he has done at many other companies.   This would significantly improve Disney‚Äôs share price.",Elon Musk,25966,221,5151,3363
19,https://twitter.com/elonmusk/status/1775410685553652001#m,The legacy media is dying,Elon Musk,103525,1108,18704,9898
20,https://twitter.com/cb_doge/status/1775407227609764287#m,Time spent on ùïè Communities has grown +600% in the past year ‚Äì with more than double the number of active Communities.,DogeDesigner,5063,37,937,675
21,https://twitter.com/elonmusk/status/1775399511898157247#m,Seriously ü§¶‚Äç‚ôÇÔ∏è,Elon Musk,83992,274,7574,4649
22,https://twitter.com/elonmusk/status/1775371974509740307#m,"Accurate üòÇ  Grok is a lot better, but still work to do",Elon Musk,17790,132,2657,2801
23,https://twitter.com/elonmusk/status/1775243907506274781#m,Extremely concerning,Elon Musk,179425,1879,42405,15899
24,https://twitter.com/elonmusk/status/1775243503817109799#m,"In case you thought government trying to force home sales for ‚Äúasylum seekers‚Äù was a myth, this is already happening in Britain! https://www.dailymail.co.uk/news/article-13079637/Our-council-tried-force-sell-200-000-home-make-room-asylum-seekers-Elderly-couples-horror-strongly-worded-letter-lands-doorstep.html",Elon Musk,123955,1965,43229,10073
25,https://twitter.com/elonmusk/status/1775050082271871427#m,"We live on stolen land.   By ‚Äúwe‚Äù, I mean us mammals.   We stole it from the dinosaurs ü¶ñ üò¢",Elon Musk,342821,5070,33472,36889
26,https://twitter.com/elonmusk/status/1775046469688471844#m,Can‚Äôt wait for Toy Story 5 & two more Moana movies. Yay ‚Ä¶,Elon Musk,14901,79,2186,1131
27,https://twitter.com/SpaceX/status/1775012804703166867#m,"Falcon 9 launches from pad 4E in California, adding 22 new @Starlink satellites to the constellation",SpaceX,19360,141,2949,1855
28,https://twitter.com/SpaceX/status/1774986362837770715#m,Watch Falcon 9 launch 22 @Starlink satellites to orbit  https://twitter.com/i/broadcasts/1lPKqbyOPOeGb,SpaceX,10527,132,1890,1184
29,https://twitter.com/elonmusk/status/1774878334058373487#m,üòÇ,Elon Musk,210158,773,25447,9046
30,https://twitter.com/elonmusk/status/1774874201976951122#m,"Whoa, this documentary of New York is intense!",Elon Musk,232582,1569,30036,13417
31,https://twitter.com/boringcompany/status/1774847239979925601#m,Congratulations to @swissloop_t for winning the 2024 Not-a-Boring Competition!   Dug to victory with a novel extruded tunnel liner.    Thanks and congrats to all teams who participated. Hope to see you again next year!,The Boring Company,6614,28,952,463
32,https://twitter.com/elonmusk/status/1774871838306226662#m,So many April Fool‚Äôs jokes that are actually plausible given the increasingly insane real things happening in the world!,Elon Musk,232407,1430,23633,11437
33,https://twitter.com/elonmusk/status/1774828819485978799#m,Starlink helps fund humanity getting to Mars,Elon Musk,59434,452,10324,7278
34,https://twitter.com/elonmusk/status/1774702734047883410#m,Excited to join @Disney as their Chief DEI Officer.   Can‚Äôt wait to work with Bob Iger & Kathleen Kennedy to make their content MORE woke!  Even the linguini.,Elon Musk,268036,2685,21355,17043
35,https://twitter.com/elonmusk/status/1774699548109115697#m,üíØ,Elon Musk,77670,245,11189,5013
36,https://twitter.com/SERobinsonJr/status/1773906586370494864#m,When you look out the window of the SpaceX Crew Dragon Capsule and see the International Space Station ü§Ø üêâ  Video by NASA SpaceX Crew 6 member Sultan Al Neyadi.,"S.E. Robinson, Jr.",24942,226,3782,1488
37,https://twitter.com/SpaceX/status/1774312160182894998#m,"~3.5 hours later, Falcon 9 launched 23 @Starlink satellites to low-Earth orbit from pad 40, completing our 260th reflight of an orbital class rocket on the seven-year anniversary of first achieving this feat",SpaceX,14080,95,2050,1153
38,https://twitter.com/SpaceX/status/1774248070445973516#m,"Liftoff of Falcon 9, marking 260 reflights of Falcon boosters since our first one seven years ago today!",SpaceX,18426,157,2793,1315
39,https://twitter.com/elonmusk/status/1774234110128468337#m,"At 5000 tons, Starship is the largest flying object ever made. Thrust is more than double the Saturn V moon rocket.  It is the first spaceship design capable of making life multiplanetary.  Goal of the next mission is to make it through the meteorically extreme heat of reentry.",Elon Musk,125951,901,22472,14190
40,https://twitter.com/elonmusk/status/1774221739712729341#m,"SpaceX aiming for 3 launches today! One Eutelsat, which just reached orbit, and 2 @Starlink missions.",Elon Musk,103473,576,15181,7632
41,https://twitter.com/elonmusk/status/1774217917821022654#m,It gets particularly interesting when you trace to source documents,Elon Musk,8303,86,1203,1151
42,https://twitter.com/cb_doge/status/1774207053839429672#m,Everyone can make calls on ùïè without having to share their phone number.  Go to Settings ‚û§ Privacy & Safety ‚û§ Direct Messages  ‚û§ Enable Audio & Video Calling.,DogeDesigner,8913,144,2049,1208
43,https://twitter.com/boringcompany/status/1774124707911958850#m,The 2024 Not-a-Boring Competition is heating up...24 hours till the race begins!,The Boring Company,7941,38,1351,653
44,https://twitter.com/elonmusk/status/1774156402904220054#m,History is complicated  https://en.m.wikipedia.org/wiki/First_Council_of_Nicaea,Elon Musk,36973,875,6378,6521
45,https://twitter.com/cb_doge/status/1773881358169120969#m,Oh hi youtube ü´°,DogeDesigner,10547,80,2001,1659
46,https://twitter.com/elonmusk/status/1773879171728691395#m,Yup,Elon Musk,252059,1707,38659,11562
47,https://twitter.com/elonmusk/status/1773877227194548599#m,"Only 379,000 births in Italy for 2023, the lowest annual figure since the country's unification in 1861.",Elon Musk,228253,3717,30712,18993
48,https://twitter.com/stillgray/status/1773717254355734635#m,"Your subscription go ùïè Premium and Premium+ supports the following:  Free speech.   What you get (based on your subscription tier): - monetization - heightened engagement  - ad-free timeline - a cool checkmark - long video uploads - access to Grok, Articles, other upcoming future features",Ian Miles Cheong,5398,44,1177,888
49,https://twitter.com/JohnnaCrider1/status/1773719166903574863#m,I see a lot of people complaining about spam in their replies etc.   I‚Äôve had my settings for notifications set up like this for over a year now and it is SO GOOD.  Here‚Äôs how you do it:   Settings >>Notifications >> Filters >> Quality Filter ‚úÖ >> Muted Notifications  ‚úÖ everything.   Perhaps X should add an option to mute those who don‚Äôt subscribe to Premium.,Johnna,5022,86,1099,781
50,https://twitter.com/elonmusk/status/1773865335407481032#m,"As always, suggestions for improving Community Notes are much appreciated.   The aspiration of this platform is to be by far the best source of truth on Earth. Nothing will ever be perfect, but we shall strive to be less wrong every day.",Elon Musk,42728,378,7720,7364
51,https://twitter.com/elonmusk/status/1773864631917748421#m,Supporting your right to freedom of speech,Elon Musk,74788,575,11800,5477
52,https://twitter.com/cb_doge/status/1773829700122550524#m,"Today, ùïè started paying for ads appearing on profiles as well.  Here's a comparison of payouts for some ùïè creators compared to their last payouts. There is a significant boost in their earnings.",DogeDesigner,5761,67,1221,1099
53,https://twitter.com/elonmusk/status/1773809591664435607#m,Congrats Tesla Team!,Elon Musk,123803,474,12436,7252
54,https://twitter.com/elonmusk/status/1773802513638273366#m,Meta was also falsely claiming credit for sales that actually originated from ùïè,Elon Musk,77292,533,17107,5565
55,https://twitter.com/elonmusk/status/1773686152303726937#m,,Elon Musk,608950,3297,56783,18881
56,https://twitter.com/elonmusk/status/1773682105152639040#m,,Elon Musk,137503,996,17826,7975
57,https://twitter.com/elonmusk/status/1773655245769330757#m,Should be available on ùïè next week.   Grok 2 should exceed current AI on all metrics. In training now.,Elon Musk,35104,504,5443,4726
58,https://twitter.com/elonmusk/status/1773647238452891652#m,The first condition of progress is the removal of censorship. - Durant,Elon Musk,154609,1508,22427,11478
59,https://twitter.com/elonmusk/status/1773477116979646691#m,"Modern Western civilization has extraordinary empathy compared to its power. This is also arguably its greatest weakness.  With the nuclear bomb, America could have subjugated every nation on Earth with ease. Hitler and Stalin would certainly have done so.  Instead, America helped rebuild Germany and Japan!  There is no historical precedent for a nation with so much power helping, rather than destroying, its defeated enemies.",Elon Musk,128576,3793,23384,20059
60,https://twitter.com/elonmusk/status/1773470012449157328#m,Many upgrades to ùïè Communities!,Elon Musk,14758,92,2395,2026
61,https://twitter.com/elonmusk/status/1773459512617537970#m,Amen,Elon Musk,36055,227,6400,3037
62,https://twitter.com/elonmusk/status/1773454003592171762#m,Something is deeply wrong with the justice system,Elon Musk,238211,2642,53618,20495
63,https://twitter.com/elonmusk/status/1773452233432305744#m,"I favor empathy, but the assumption that empathy will always be reciprocated is false",Elon Musk,34354,330,4704,3686
64,https://twitter.com/elonmusk/status/1773451340548870364#m,"Many movies exist about a lone inventor in a garage having a eureka moment, but almost none about manufacturing, so it‚Äôs underappreciated by the public.  Compared to the insane pain of reaching high-volume, positive-margin production, prototypes are a piece of cake.",Elon Musk,130131,1033,16917,11305
65,https://twitter.com/cb_doge/status/1773430665717162391#m,"Why Political Advertisers should choose X?  ‚Ä¢ This year, ùïè had 1,000 likes per second, 5 million impressions per minute, and more than 9 billion total engagements on posts covering News & Politics.  ‚Ä¢ 84% of US policy and opinion leaders actively engage with voters across ùïè's diverse user base of over 90 million in the US.  ‚Ä¢ 98% of ùïè's US audience is of voting age.  ‚Ä¢ 250 million people use ùïè every day. 550 million people visit the global town square every month.  No other platform can foster this level of engagement at scale like ùïè. ùïè serves as the global town square, where the public gathers to experience their lives in real-time.  via @stenmc",DogeDesigner,7096,59,1398,843
66,https://twitter.com/elonmusk/status/1773429490749968626#m,Yup,Elon Musk,85751,418,20471,5253
67,https://twitter.com/elonmusk/status/1773321781140488428#m,The Dem Party goal is to import voters,Elon Musk,171159,4227,42767,20779
68,https://twitter.com/stillgray/status/1773320167277346999#m,"If you support free speech, get a premium subscription.",Ian Miles Cheong,6778,89,1120,1001
69,https://twitter.com/elonmusk/status/1773319568607346893#m,Interesting,Elon Musk,13456,58,2252,1686
70,https://twitter.com/elonmusk/status/1773319298213454037#m,Thank you. Subscribing is the only way to ensure that major brand advertisers cannot demand censorship of this platform.,Elon Musk,33610,380,5478,3974
71,https://twitter.com/elonmusk/status/1773315587235516924#m,üòÇ,Elon Musk,17430,85,2795,3272
72,https://twitter.com/elonmusk/status/1773314693228302844#m,New York taxes citizens and gives the money to illegals,Elon Musk,180441,2077,40059,11219
73,https://twitter.com/elonmusk/status/1773312730059198512#m,This video speaks for itself,Elon Musk,73973,337,16750,2967
74,https://twitter.com/elonmusk/status/1773312554858631342#m,Failure to prosecute crime in New York (and many other US cities) allows violent criminals to assault women at will!  The governor had to call out the national guard just so people could ride the subway.,Elon Musk,169410,2319,44229,15072
75,https://twitter.com/elonmusk/status/1773311351248621593#m,It should not be acceptable for any company in the gaming industry to be racist & sexist against ‚Äúwhite guys‚Äù,Elon Musk,78461,671,10883,4909
76,https://twitter.com/elonmusk/status/1773249915415630268#m,Send X.com links to friends so that they know what‚Äôs actually going on!,Elon Musk,25239,258,5879,5375
77,https://twitter.com/SpaceX/status/1773081429783564394#m,Static fire of a single Raptor engine using the header tanks on Flight 4 Starship,SpaceX,29101,288,3910,1455
78,https://twitter.com/elonmusk/status/1773148778926572004#m,"Ideally, there would be no deaths, but, when they do happen, public perception of frequency should match reality as closely as possible",Elon Musk,45630,211,11642,3055
79,https://twitter.com/elonmusk/status/1773147956041978257#m,"Going forward, all ùïè accounts with over 2500 verified subscriber followers will get Premium features for free and accounts with over 5000 will get Premium+ for free",Elon Musk,203631,7540,25878,19967
80,https://twitter.com/elonmusk/status/1773134811751719107#m,"In reality, legacy media views went down and this platform went up",Elon Musk,39411,241,7096,3836
81,https://twitter.com/elonmusk/status/1773123613379498261#m,Wow ‚Ä¶,Elon Musk,371330,4698,102419,26282
82,https://twitter.com/elonmusk/status/1773122713130791215#m,Starlink now in Argentina!,Elon Musk,173669,1265,19316,8189
83,https://twitter.com/elonmusk/status/1773085211275698302#m,Getting ready for Flight 4 of Starship!  Goal of this mission is for Starship to get through max reentry heating with all systems functioning.,Elon Musk,99983,587,13377,6074
84,https://twitter.com/elonmusk/status/1773084464907686109#m,Not cool that she undermined math education in California,Elon Musk,65954,579,16367,4600
85,https://twitter.com/cb_doge/status/1773038845291823273#m,Population of Earth: 8 Billion   Global Impressions Last Year on ùïè: 5 Trillion+,DogeDesigner,7436,69,1434,1043
86,https://twitter.com/elonmusk/status/1773037756781908283#m,"This is an especially important mission. Some chance it may find signs of life in Europa, a moon of Jupiter!",Elon Musk,62183,356,8994,5291
87,https://twitter.com/elonmusk/status/1772996402421146097#m,"Community Notes corrects all accounts: Presidents of countries, media, government agencies, advertisers.   No exceptions.  Nothing is perfect, but Notes is the best source of truth on the Internet by far.",Elon Musk,147682,1137,17241,10634
88,https://twitter.com/elonmusk/status/1772981738748223805#m,"NBC just hired & immediately fired Ronna McDaniel, because the team refused to let even one Republican join them ‚Äì that‚Äôs how biased they are!",Elon Musk,204132,2544,46017,22201
89,https://twitter.com/elonmusk/status/1772976385138544771#m,Financial operating systems matter,Elon Musk,27341,159,3996,2808
90,https://twitter.com/elonmusk/status/1772872535555674566#m,"Grok has normal mode and fun mode. Tonight, we decided to add an unhinged fun mode. It is next-level ü§£ü§£",Elon Musk,82432,765,8618,7964
91,https://twitter.com/elonmusk/status/1772741773900525797#m,Nothing more precious than old friends,Elon Musk,309637,3788,42905,17133
92,https://twitter.com/Tesla/status/1772718089269809499#m,"Under your supervision, FSD V12.3 can drive your Tesla almost anywhere",Tesla,11196,120,1942,1257
93,https://twitter.com/elonmusk/status/1772738821924229340#m,,Elon Musk,586993,3558,71013,18150
94,https://twitter.com/JohnStossel/status/1772734269854568495#m,"Politicians are quick to approve policies that favor tenants over landlords.   But these rules don‚Äôt just protect tenants, they protect squatters too.   So what do you do when a squatter moves into YOUR home?",John Stossel,11302,225,3153,1258
95,https://twitter.com/elonmusk/status/1772735092609126728#m,This will be a spicy year,Elon Musk,473806,3419,43463,19110
96,https://twitter.com/elonmusk/status/1772724958801649711#m,"Later this week, Grok will be enabled for all premium subscribers (not just premium+)",Elon Musk,28248,605,5160,5110
97,https://twitter.com/elonmusk/status/1772698536045392127#m,"On the other hand, legacy media did actually decline by 20% last year",Elon Musk,62991,427,13993,5929
98,https://twitter.com/elonmusk/status/1772688264127746378#m,True,Elon Musk,91690,496,24941,4818
99,https://twitter.com/elonmusk/status/1772567239046095319#m,Yes!,Elon Musk,129449,1105,12587,15037
