text,eng_text
"Teniendo los conceptos bÃ¡sicos claros, implementando una lÃ³gica basada en las buenas prÃ¡cticas y el entendimiento dâ€¦ https://t.co/gDEui5wJCA","Having clear basic concepts, implementing logic based on good practices and understanding ofâ€¦ https://t.co/gDEui5wJCA"
"Si quieres aprender a programar, intenta aprender primero los conceptos bÃ¡sicos y no apresurarte a manejar un Frameâ€¦ https://t.co/gte3jx12ER","If you want to learn to program, try to learn the basics first and not rush to handle a Frameâ€¦ https://t.co/gte3jx12ER"
"Al final me comprÃ© la cartera de #JavaScript , mientras hago un curso de #Python 
ğŸ¤£ #ITGirl https://t.co/l8F2VlVzur","In the end I bought the #JavaScript portfolio, while taking a #Python course
ğŸ¤£ #ITGirl https://t.co/l8F2VlVzur"
"ğŸ…ğŸ…ğŸ…ğŸ…APRENDE PYTHONğŸ…ğŸ…ğŸ…ğŸ…
ğŸ‘¨ğŸ»â€ğŸ’»ğŸ‘¨ğŸ»â€ğŸ’»ğŸ‘¨ğŸ»â€ğŸ’»ğŸ‘¨ğŸ»â€ğŸ’» INSCRÃBETE HOYğŸ‘¨ğŸ»â€ğŸ’»ğŸ‘¨ğŸ»â€ğŸ’»ğŸ‘¨ğŸ»â€ğŸ’»ğŸ‘¨ğŸ»â€ğŸ’»
ğŸ’¥ğŸ’¥Libros y Curso DisponiblesğŸ’¥ğŸ’¥

#pythonâ€¦ https://t.co/b26XXXAxEQ","ğŸ…ğŸ…ğŸ…ğŸ…LEARN PYTHONğŸ…ğŸ…ğŸ…ğŸ…
ğŸ’»ğŸ‘¨ğŸ»â€ğŸ’»ğŸ‘¨ğŸ»â€ğŸ’»ğŸ‘¨ğŸ»â€ğŸ’»ğŸ‘¨ğŸ»â€ ğŸ’»
ğŸ’¥ğŸ’¥Books and Course AvailableğŸ’¥ğŸ’¥

#pythonâ€¦ https://t.co/b26XXXAxEQ"
"Ya queda menos y #needoc empieza a coger forma ğŸ¤©

@hacka_boss #vue #node #js #javascript #MySQL #visualstudiocodeâ€¦ https://t.co/MohxnnKGPp","There's less to go and #needoc is starting to take shape ğŸ¤©

@hacka_boss #vue #node #js #javascript #MySQL #visualstudiocodeâ€¦ https://t.co/MohxnnKGPp"
En directo en #Minecraft server tierrasamigos #4!!pasando un ratete decorando el pueblo comunitario!! :D de chill yâ€¦ https://t.co/lAC7ow4zX6,Live on #Minecraft server Tierrasamigos #4!! Having a great time decorating the community town!! :D from chill andâ€¦ https://t.co/lAC7ow4zX6
"Si tu sitio web tiene animaciones que podrian afectar su performance, entonces este plugin javascript puede serte uâ€¦ https://t.co/J3F7OTnce8","If your website has animations that could affect its performance, then this javascript plugin can help youâ€¦ https://t.co/J3F7OTnce8"
"âœ¨ Â¡Nuevo evento de HorchataJS! âœ¨ 

Web Scraping con JS
ğŸ—£ï¸ Mario MenjÃ­var (@mariomenjr), Software Engineer en Rapidâ€¦ https://t.co/AnHnCeaY0D","âœ¨ New HorchataJS event! âœ¨

Web Scraping with JS
ğŸ—£ï¸ Mario MenjÃ­var (@mariomenjr), Software Engineer at Rapidâ€¦ https://t.co/AnHnCeaY0D"
"#JavaScript

El Operador de PropagaciÃ³n (#Spread #Operator) permite que una expresiÃ³n sea expandida en situacionesâ€¦ https://t.co/odp9SDrUTD","#JavaScript

The Spread Operator (#Spread #Operator) allows an expression to be expanded in situationsâ€¦ https://t.co/odp9SDrUTD"
#CÃ³digo de #JavaScript - Taken o Puzzle de deslizamiento de piezas https://t.co/RlnUk7fR9U https://t.co/7mHw4h0GJl,#JavaScript #Code - Taken or Piece Sliding Puzzle https://t.co/RlnUk7fR9U https://t.co/7mHw4h0GJl
Descarga el cÃ³digo fuente de nuestros artÃ­culos. https://t.co/dP2mZNkTLO #java #html5 #javascript #mongodb #python #jquery #php #css #xml,Download the source code of our articles. https://t.co/dP2mZNkTLO #java #html5 #javascript #mongodb #python #jquery #php #css #xml
"Si eres una empresa afiliada @FedesoftCol , esta informaciÃ³n es de tu interÃ©s!!

Las inscripciones para nuestro proâ€¦ https://t.co/eULN2V2WNF","If you are an affiliated company @FedesoftCol, this information is of interest to you!!

Registrations for our proâ€¦ https://t.co/eULN2V2WNF"
CÃ³mo validar los campos de un #formulario antes de enviarlo utilizando #JavaScript https://t.co/yPhvuWu2wF https://t.co/nDumaBGPeh,How to validate the fields of a #form before submitting it using #JavaScript https://t.co/yPhvuWu2wF https://t.co/nDumaBGPeh
CÃ³mo validar los campos de un #formulario antes de enviarlo utilizando #JavaScript https://t.co/tha6VMpzbD https://t.co/T12fnq2Uza,How to validate the fields of a #form before submitting it using #JavaScript https://t.co/tha6VMpzbD https://t.co/T12fnq2Uza
Se viene maratÃ³n de libros de #JavaScript ğŸ˜ğŸ¥³ https://t.co/R39Bzss0iH,#JavaScript book marathon is coming ğŸ˜ğŸ¥³ https://t.co/R39Bzss0iH
"Comparte la publicaciÃ³n y dÃ©janos un like
.
.
.
#javascript #typescript #coders #code #sorzudev #brodevs #angularâ€¦ https://t.co/fMJShjw9oO","Share the post and leave us a like
.
.
.
#javascript #typescript #coders #code #sorzudev #brodevs #angularâ€¦ https://t.co/fMJShjw9oO"
EscribÃ­ un breve tutorial para crear experimentos comportamentales online usando la excelente biblioteca #jsPsych eâ€¦ https://t.co/tOBsetRpY7,I wrote a short tutorial to create online behavioral experiments using the excellent #jsPsych library andâ€¦ https://t.co/tOBsetRpY7
https://t.co/zCzShDNTMN Simplifica el diseÃ±o de tus webs y el uso de #Javascript con #jQuery Sencillos ejemplos explicados paso a paso,https://t.co/zCzShDNTMN Simplify the design of your websites and the use of #Javascript with #jQuery Simple examples explained step by step
"Conoce mÃ¡s informaciÃ³n de las vacantes disponibles en https://t.co/MmiP3LcpNt
.
#TrabajoSÃ­Hay #Java #Angularâ€¦ https://t.co/dhEpmFELm6","Learn more information about available vacancies at https://t.co/MmiP3LcpNt
.
#WorkYesThere is #Java #Angularâ€¦ https://t.co/dhEpmFELm6"
"ECMAScript 2020: parÃ¡metros opcionales y valores por defecto en funciones - El operador de ""uniÃ³n nulosa"" o ""nullisâ€¦ https://t.co/pqZXeYLAi6","ECMAScript 2020: Optional parameters and default values â€‹â€‹in functions - The ""null union"" or ""nullisâ€¦ operator https://t.co/pqZXeYLAi6"
"Â¡HARVARD GRATIS!

#Harvard University ofrece un curso gratuito prÃ¡ctico para aprender  desarrollo de #videojuegos eâ€¦ https://t.co/lfF7xcRfmv","FREE HARVARD!

#Harvard University offers a free practical course to learn #videogame development andâ€¦ https://t.co/lfF7xcRfmv"
"ngOnInit, ngServices etc, quÃ© asco mÃ¡s grande le tengo a Angular, ojo no a TS, pero si a Angular, algo tan sencilloâ€¦ https://t.co/3g1P8QZ961","ngOnInit, ngServices etc, I really hate Angular, beware not of TS, but of Angular, something so simpleâ€¦ https://t.co/3g1P8QZ961"
"Conoce el ecosistema de Vue.js y todo lo que puedes hacer con este poderoso Framework JS.

https://t.co/CyAowdm5gLâ€¦ https://t.co/LRnSQ6q8Ws","Learn about the Vue.js ecosystem and everything you can do with this powerful JS Framework.

https://t.co/CyAowdm5gLâ€¦ https://t.co/LRnSQ6q8Ws"
CÃ³mo validar campos de un formulario con #SpryAssets de #Dreamweaver https://t.co/tD3O7viv7F #JS #JavaScript https://t.co/RLwCWcjBxt,How to validate form fields with #SpryAssets from #Dreamweaver https://t.co/tD3O7viv7F #JS #JavaScript https://t.co/RLwCWcjBxt
CÃ³mo validar campos de un formulario con #SpryAssets de #Dreamweaver https://t.co/bJfUo9lLFZ #JS #JavaScript https://t.co/YEMRGcbfG6,How to validate form fields with #SpryAssets from #Dreamweaver https://t.co/bJfUo9lLFZ #JS #JavaScript https://t.co/YEMRGcbfG6
SÃ³lo hay 20 plazas disponibles para cada uno de los cuatro cursos presenciales de 2021 de Skylab Coders.â€¦ https://t.co/Pcon5shbdg,There are only 20 places available for each of the four 2021 Skylab Coders in-person courses.â€¦ https://t.co/Pcon5shbdg
Simple... #javascript https://t.co/wh2DSbezSd,Simple... #javascript https://t.co/wh2DSbezSd
"#LoUltimo GestiÃ³n de estados con VUEX ğŸ‘¨â€ğŸ’».
Aprende a dominar los estados en una app con Vue.js, nuevo tutorial en nâ€¦ https://t.co/Lb9A3fMm3G","#LoUltimo State management with VUEX ğŸ‘¨â€ğŸ’».
Learn to master states in an app with Vue.js, new tutorial in nâ€¦ https://t.co/Lb9A3fMm3G"
"#javascript 
Substraer un dÃ­a de un objeto Date():
let dia = new Date();
dia.setDate(dia.getDate() - 1;","#javascript
Subtract a day from a Date() object:
let day = new Date();
day.setDate(day.getDate() - 1;"
"Electron &amp; MongoDB CRUD - AplicaciÃ³n CRUD con HTML, CSS y JavaScript

â˜ https://t.co/WnGFVSrRvT

#JavaScriptâ€¦ https://t.co/fBOvSFruzY","Electron &amp; MongoDB CRUD - CRUD Application with HTML, CSS and JavaScript

â˜ https://t.co/WnGFVSrRvT

#JavaScriptâ€¦ https://t.co/fBOvSFruzY"
Comprobar si hay cambios en un formulario (JavaScript) https://t.co/oeMfhRp43l #javascript,Check for changes in a form (JavaScript) https://t.co/oeMfhRp43l #javascript
"Akamaru: ""ya me canse, ahora si puedes trabajar agusto"".
ğŸ˜¬ ğŸ˜’ ğŸ˜‘

#covid19 #homeoffice #lunes #perrijo #akamaruâ€¦ https://t.co/qzP2W5sVRQ","Akamaru: ""I'm tired, now you can work comfortably.""
ğŸ˜¬ ğŸ˜’ ğŸ˜‘

#covid19 #homeoffice #monday #perrijo #akamaruâ€¦ https://t.co/qzP2W5sVRQ"
"Si quieres aprender o mejorar tus habilidades en #Javascript, sigue las recomendaciones de @degranda10. https://t.co/ODc7A2ELkm","If you want to learn or improve your #Javascript skills, follow @degranda10's recommendations. https://t.co/ODc7A2ELkm"
"Uno queriendo trabajar y la crÃ­a quiere cariÃ±o, ademÃ¡s de andar de chismoso en la ventana. ğŸ˜ğŸ˜¬ğŸ˜‚ğŸ˜“â¤ï¸

#perrijoâ€¦ https://t.co/OohqXZO6OJ","One wants to work and the child wants affection, in addition to gossiping at the window. ğŸ˜ğŸ˜¬ğŸ˜‚ğŸ˜“â¤ï¸

#perrijoâ€¦ https://t.co/OohqXZO6OJ"
Por cierto.... Â¿ya se registraron a @connect_js ???https://t.co/5rH7eMmIv4 Este aÃ±o serÃ¡ gratuito y full online! Elâ€¦ https://t.co/z13DCf5cj7,By the way.... Have you already registered for @connect_js???https://t.co/5rH7eMmIv4 This year it will be free and full online! Theâ€¦ https://t.co/z13DCf5cj7
"El sistema eco productivo, estÃ¡ desarrollado en los lenguajes web PHP y JavaScript. #PHP #JavaScript",The eco-productive system is developed in the web languages â€‹â€‹PHP and JavaScript. #PHP #JavaScript
"Angular 2 Autocomplete Component

â˜ https://t.co/idlfw3PZ97

#angular #javascript https://t.co/rVIH7fiUJz","Angular 2 Autocomplete Component

â˜ https://t.co/idlfw3PZ97

#angular #javascript https://t.co/rVIH7fiUJz"
"Domina le manejo de estados en una aplicaciÃ³n con #VueJS utilizando #Vuex ğŸ‘.
ğŸ‘‰ https://t.co/psjBVfgJNP

#Tutorial
#JavaScript","Master state management in an application with #VueJS using #Vuex ğŸ‘.
ğŸ‘‰ https://t.co/psjBVfgJNP

#Tutorial
#JavaScript"
"Oooh esto quÃ© eeeeees?

@juanwmedia

#VueJS
#javascript
#firebase https://t.co/MsnnNWRRMH","Oooh what is this?

@juanwmedia

#VueJS
#javascript
#firebase https://t.co/MsnnNWRRMH"
"#HTML, es uno de los lenguajes descriptivos mÃ¡s importantes hoy en dÃ­a. Junto #css, #javascript, #PHP compone el grâ€¦ https://t.co/Kywx7LWHXA","#HTML is one of the most important descriptive languages â€‹â€‹today. Together #css, #javascript, #PHP makes up the grâ€¦ https://t.co/Kywx7LWHXA"
"&lt;Hola Lunes/&gt;
Excelente inicio de semana, listos para empezar a desarrollar algo innovador ğŸ¤“
Tienes un negocio y noâ€¦ https://t.co/Ot9pbWqWFR","&lt;Hello Monday/&gt;
Excellent start to the week, ready to start developing something innovative ğŸ¤“
You have a business and you don'tâ€¦ https://t.co/Ot9pbWqWFR"
"Hoy se activÃ³ la oficina en la terraza! Lunessss ğŸ¤“ğŸ¤“ğŸ¤“ 

#Django 
#javascript 
#Python https://t.co/kYJnM0nvfj","Today the office on the terrace was activated! Monday ğŸ¤“ğŸ¤“ğŸ¤“

#Django
#javascript
#Python https://t.co/kYJnM0nvfj"
"Un Sistema de #GestiÃ³ndeContenido o #CMS, es un sistema o plataforma que te permite administrar fÃ¡cilmente el conteâ€¦ https://t.co/BdVRyRna7m","A #ContentManagementSystem or #CMS, is a system or platform that allows you to easily manage contentâ€¦ https://t.co/BdVRyRna7m"
"Demo CRUD #nodejs #express #javascript #backend #sqlserver
https://t.co/4e5471d0q9","CRUD Demo #nodejs #express #javascript #backend #sqlserver
https://t.co/4e5471d0q9"
"Css para principiantes desde cero - #28 Degradados lineales https://t.co/woEJDqIBtZ via @YouTube 
#donispot #htmlâ€¦ https://t.co/LcgPxR4OR3","CSS for beginners from scratch - #28 Linear Gradients https://t.co/woEJDqIBtZ via @YouTube
#donispot #htmlâ€¦ https://t.co/LcgPxR4OR3"
Â¡Nuestrxs #coders afrontan hoy su #1erCoderChallenge!ğŸ‘©â€ğŸ’»ğŸ’ª El 1er reto de los 3 que realizarÃ¡n para clasificarse enâ€¦ https://t.co/B2SfGiyC6D,Our #coders face their #1stCoderChallenge today!ğŸ‘©â€ğŸ’»ğŸ’ª The 1st challenge of the 3 that they will carry out to qualify inâ€¦ https://t.co/B2SfGiyC6D
"Desde hoy empiezo un curso de NodeJS, Express y MongoDB. CompartirÃ© por aquÃ­ todo lo nuevo que vaya aprendiendoâ€¦ https://t.co/xUBhuRGlWQ","Starting today I start a NodeJS, Express and MongoDB course. I will share here everything new that I learnâ€¦ https://t.co/xUBhuRGlWQ"
"El 15/7 comencÃ© un curso de #javascript, en breve voy con uno de #Python con el que puedo obtener certificado deâ€¦ https://t.co/sZ8df15h8e","On 7/15 I started a #javascript course, soon I will take a #Python course with which I can obtain a certificate ofâ€¦ https://t.co/sZ8df15h8e"
"Ãšltimas dos horas de evaluaciÃ³n final en @Adalab_Digital y no puedo estar mÃ¡s orgullosa de lo que he conseguido.
Â¡Â¡â€¦ https://t.co/pzavgtnc33","Last two hours of final evaluation at @Adalab_Digital and I couldn't be more proud of what I have achieved.
â€¦ https://t.co/pzavgtnc33"
"ğŸ’»ğŸŒ ğ˜‘ğ˜ˆğ˜ğ˜ˆğ˜šğ˜Šğ˜™ğ˜ğ˜—ğ˜› 4.ğ˜Ÿ ğ˜  ğ˜ˆğ˜™ğ˜Šğ˜ğ˜ğ˜š ğ˜šğ˜Œğ˜™ğ˜ğ˜Œğ˜™

Empieza el curso que capacitarÃ¡ a los alumnos en la creaciÃ³n de aplicaciones deâ€¦ https://t.co/Tw4535H7Zz","ğŸ’»ğŸŒ ğ˜‘ğ˜ˆğ˜ğ˜ˆğ˜šğ˜Šğ˜™ğ˜ğ˜—ğ˜› 4.ğ˜Ÿ ğ˜  ğ˜ˆğ˜™ğ˜Šğ˜ğ˜ğ˜š ğ˜šğ˜Œğ˜™ğ˜ğ˜Œğ˜™

The course begins that will train students in creating applications forâ€¦ https://t.co/Tw4535H7Zz"
"Angular 2 Autocomplete Component

â˜ https://t.co/IMcN5Hedl6

#angular #javascript https://t.co/ZiFiGhcqu6","Angular 2 Autocomplete Component

â˜ https://t.co/IMcN5Hedl6

#angular #javascript https://t.co/ZiFiGhcqu6"
"vue v-bind
https://t.co/cObARm8NMG
#javascript #vuejs","vue v-bind
https://t.co/cObARm8NMG
#javascript #vuejs"
Freebie: Minimalistic PSD Resume Template #WordPress #Photoshop #javaScript https://t.co/U5fmGmRM5W,Freebie: Minimalistic PSD Resume Template #WordPress #Photoshop #javaScript https://t.co/U5fmGmRM5W
"ğŸ” Estamos buscando un #SeniorSoftwareEngineer para nuestra oficina de Barcelona. 

âš™ï¸ Con experiencia en #Java8â€¦ https://t.co/otOE5YWEAy","ğŸ” We are looking for a #SeniorSoftwareEngineer for our Barcelona office.

âš™ï¸ With experience in #Java8â€¦ https://t.co/otOE5YWEAy"
Procedural Level Generator in action. #indiegame #indiedev #indiedevhour #indiegamedev #javascript https://t.co/WhHrccof3U,Procedural Level Generator in action. #indiegame #indiedev #indiedevhour #indiegamedev #javascript https://t.co/WhHrccof3U
"javascript: 4 formas de remover elementos duplicados de un arreglo con Javascript
https://t.co/Er3NrQSiTM
#javascript #js","javascript: 4 ways to remove duplicate elements from an array with Javascript
https://t.co/Er3NrQSiTM
#javascript #js"
"Como crear tu primer HOLA MUNDO en ANGULAR + BOOTSTRAP para novatos.
https://t.co/TZZNogdR2H
#javascript #angular","How to create your first HELLO WORLD in ANGULAR + BOOTSTRAP for newbies.
https://t.co/TZZNogdR2H
#javascript #angular"
ğŸ’»âœ…ğŸ†•Aprende a crear una aplicaciÃ³n en #Salesforce con #javascript para ver cuÃ¡ntos casos de #COVID19 hay en #PerÃº ğŸ‡µğŸ‡ªâ€¦ https://t.co/hCIjgs4E0g,ğŸ’»âœ…ğŸ†•Learn how to create an application in #Salesforce with #javascript to see how many cases of #COVID19 there are in #Peru ğŸ‡µğŸ‡ªâ€¦ https://t.co/hCIjgs4E0g
"DiseÃ±o Web Empresarial

Estructura - #HTML
DiseÃ±o - #CSS
Interactividad - #javascript
Bases de Datos - #Oracle,â€¦ https://t.co/tlRYdUwWaa","Business Web Design

Structure - #HTML
Design - #CSS
Interactivity - #javascript
Databases - #Oracle,â€¦ https://t.co/tlRYdUwWaa"
#AggregateError Combine Multiple Errors Into Single https://t.co/9HfRtrZDlf #javascript #js,#AggregateError Combine Multiple Errors Into Single https://t.co/9HfRtrZDlf #javascript #js
"Crea una API de bitcoin con #NodeJS and #GraphQL
https://t.co/t9WaUtCuEl #javascript","Create a bitcoin API with #NodeJS and #GraphQL
https://t.co/t9WaUtCuEl #javascript"
EN DIRECTO EN MINECRAFT!!! UN RATETE EN MINECRAFT!! PASEN Y VEAN!! #Minecraft #Java #javascript #mojang #risasâ€¦ https://t.co/xJaYOVHape,LIVE IN MINECRAFT!!! A RATE IN MINECRAFT!! COME AND SEE!! #Minecraft #Java #javascript #mojang #laughsâ€¦ https://t.co/xJaYOVHape
En mi carrera tuve asignaturas donde aprendÃ­ y me peleÃ© con la base de #javascript #html #css y estoy muy agradecidâ€¦ https://t.co/4RY9fOsSLb,In my career I had subjects where I learned and struggled with the basis of #javascript #html #css and I am very gratefulâ€¦ https://t.co/4RY9fOsSLb
Convert Decimal to Fraction https://t.co/PwQPOwXfgp #javascript,Convert Decimal to Fraction https://t.co/PwQPOwXfgp #javascript
CÃ³mo hacer un CRUD paso a paso sin necesitar una base de datos en Angular https://t.co/Xjtt6vSKdJ #javascript,How to do a CRUD step by step without needing a database in Angular https://t.co/Xjtt6vSKdJ #javascript
#CÃ³digo de #JavaScript - Cuenta atras hasta una fecha https://t.co/ZZ33lsf485 https://t.co/6T2mmoeqYZ,#JavaScript #Code - Countdown to a date https://t.co/ZZ33lsf485 https://t.co/6T2mmoeqYZ
"Y recuerden colegas programadores con React, ContextAPI es para proyectos no tan grandes y Redux es para proyectosâ€¦ https://t.co/sSD8WNyZg6","And remember fellow programmers with React, ContextAPI is for not so large projects and Redux is for projectsâ€¦ https://t.co/sSD8WNyZg6"
Top story: Desarrollo web. JavaScript desde cero. EdiciÃ³n 2020 ($19.99 to Free) #spanish #javascript #reactjsâ€¦ https://t.co/T2w9BwxJxI,Top story: Web development. JavaScript from scratch. 2020 Edition ($19.99 to Free) #spanish #javascript #reactjsâ€¦ https://t.co/T2w9BwxJxI
"El mÃ©todo includes() determina si una matriz incluye un determinado elemento, devuelve true o false segÃºn corresponâ€¦ https://t.co/l2Zpj7d6np","The includes() method determines whether an array includes a certain element, returning true or false accordinglyâ€¦ https://t.co/l2Zpj7d6np"
